{"cameraMode":{"drawMode":0,"name":"Shaded","section":"Shading Mode"},"sceneLighting":false,"audioPlay":false,"sceneViewState":{"showFog":true,"showMaterialUpdate":false,"showSkybox":false,"showFlares":true,"showImageEffects":true,"showParticleSystems":true},"in2DMode":false,"pivot":{"x":1.0498307943344117,"y":0.562906801700592,"z":0.6217477321624756},"rotation":{"x":0.08020008355379105,"y":-0.15750473737716676,"z":0.012834339402616024,"w":0.9841791987419128},"size":1.875582218170166,"orthographic":false}